start,0,1,2,3,4,5,6,7,8,9,10,11
0.0,0.0,171.13,9.469,-28.48,57.491,-50.067,14.833,5.359,-27.228,0.973,-10.64,-7.228
0.17986,17.257,401.16,103.779,52.0,-8.321,-16.752,-10.712,-19.922,-2.555,6.444,12.756,-17.133
0.44113,17.495,355.648,155.558,46.765,-35.136,-29.412,-8.025,33.772,-26.913,-5.196,-17.921,-34.628
0.61515,15.872,341.17,140.975,67.393,-38.708,-27.422,-2.034,3.169,-41.644,-1.441,-13.071,-30.473
0.98122,13.0,324.857,135.556,51.436,-71.629,-6.489,-12.492,10.912,-64.876,-16.261,-19.194,-21.59
1.45692,10.103,299.242,111.892,26.133,-58.862,3.768,-13.753,-12.395,-61.075,-3.824,-24.339,-24.034
1.80544,7.711,250.257,102.475,47.463,-61.124,-13.046,-16.83,-5.997,-65.991,-4.58,-30.052,-29.779
2.66467,3.623,200.511,59.179,20.639,-14.078,-17.919,-5.654,-0.056,-54.298,-5.408,-17.775,-37.407
3.41351,15.694,389.834,95.944,36.974,-7.601,-26.534,-30.61,-1.292,17.707,12.333,-18.704,-7.172
3.57596,15.943,415.76,94.033,35.834,-26.375,-2.476,-36.059,4.444,2.352,16.885,-2.428,-15.598
3.84299,14.638,408.085,93.743,24.571,-38.616,-11.592,-25.32,-15.585,-34.499,-9.975,-17.292,-11.98
4.13909,12.423,377.088,83.063,24.373,-43.341,-11.236,-31.307,-24.763,-38.244,-7.909,-16.359,-22.823
4.44109,10.21,357.375,62.543,0.412,-26.049,-8.933,-37.518,-18.757,-7.607,-9.67,-12.128,-21.307
4.58023,9.33,335.805,64.256,3.423,-27.842,-14.841,-36.028,-13.683,-12.89,-6.595,-13.965,-22.979
4.98644,6.974,286.732,59.057,6.056,-21.457,-15.4,-29.077,-14.307,-17.104,3.247,-21.954,-20.023
5.40426,4.203,235.719,21.927,35.906,2.841,-24.763,-16.306,-26.496,-17.944,7.139,-26.69,-11.345
6.83238,16.983,426.874,49.287,43.464,-25.54,-29.608,-57.023,-35.239,-4.727,18.014,-15.573,-13.847
6.98925,19.906,399.773,46.303,-26.065,11.905,9.25,-47.07,-11.753,7.152,7.606,6.364,-11.149
7.0937,22.834,243.642,38.884,-44.164,10.247,-15.443,-38.291,-62.911,-0.185,47.802,-17.631,33.377
7.2678,30.043,186.679,41.32,-41.941,6.593,-22.002,-34.542,-24.64,24.361,18.729,2.13,35.929
7.4478,32.913,145.725,44.389,-2.699,30.283,-37.263,-1.71,-31.502,8.299,14.541,-16.554,52.708
7.61655,33.901,88.101,65.77,-3.138,34.613,-28.84,13.227,-14.498,24.888,12.783,7.535,45.982
7.77311,35.938,105.18,71.146,3.459,34.738,-19.661,22.026,-8.399,21.726,3.655,-2.291,53.449
7.90649,35.836,56.429,53.814,10.681,33.882,-30.243,20.703,-18.348,13.813,6.067,-8.406,56.47
8.13265,34.676,43.74,65.268,-20.559,33.299,-32.156,22.319,9.757,11.405,14.892,-7.444,58.077
8.35905,34.903,36.407,58.481,3.458,32.912,-39.203,18.312,-6.255,16.579,4.654,10.821,51.26
8.75973,34.033,11.882,41.486,-0.856,28.766,-26.997,13.119,-21.289,10.51,6.461,4.235,50.528
8.99696,35.171,-37.915,8.284,-37.684,14.576,-34.407,-9.949,-11.598,3.635,-3.627,4.896,45.037
9.18884,36.629,-81.194,-6.653,-32.274,18.752,-15.389,-3.134,-12.41,2.781,-17.977,5.225,48.358
9.38172,36.856,-79.203,23.782,-7.421,13.095,-32.363,-5.738,-11.021,-17.524,-9.733,13.415,43.709
9.57868,38.083,-102.149,93.153,-15.983,15.315,-23.703,3.782,2.692,-54.103,-15.165,10.554,41.883
9.82086,41.05,-88.971,81.489,-8.381,12.129,-22.216,-33.622,17.691,-39.874,-43.282,25.889,8.283
10.01374,41.913,-30.352,109.968,6.888,3.895,-26.25,-43.174,1.422,-67.067,-25.589,8.477,5.694
10.17007,42.193,-52.373,105.791,-3.393,39.306,-11.361,-57.418,-17.893,-37.932,-17.031,10.253,-9.69
10.41986,43.94,-33.302,119.979,-4.611,63.683,-19.514,-72.109,-25.276,-20.434,-11.495,5.705,-20.245
10.6985,44.212,-45.717,131.479,-6.812,68.133,-12.444,-73.426,-6.731,-17.715,-23.503,4.491,-25.995
11.01864,45.378,-32.72,113.653,-3.193,77.583,-17.167,-82.238,-6.383,-5.138,-8.203,6.479,-18.372
11.66313,43.49,-33.592,117.98,12.014,76.668,-22.051,-79.2,10.693,-7.199,-15.228,10.983,-15.54
12.21429,40.332,6.094,118.381,9.379,66.821,-6.219,-72.62,2.87,-4.98,-25.717,3.382,-10.381
12.38168,40.157,1.467,133.956,19.467,81.031,-7.293,-60.7,-25.18,-9.118,-9.104,-1.045,2.239
12.60839,38.623,9.4,132.455,19.607,72.387,-19.941,-68.16,0.0,-13.776,-6.527,8.52,-2.821
12.92091,38.475,-20.572,122.503,34.036,73.243,-15.083,-69.187,-2.684,-13.798,-20.442,-0.583,-6.281
13.04961,37.564,10.908,135.255,12.766,71.051,-9.039,-63.833,-21.954,-24.583,5.134,-1.456,-2.57
13.35705,37.257,-24.801,118.083,19.65,80.356,-30.014,-70.56,-8.99,-5.151,-6.007,13.989,-3.058
13.61814,42.14,115.556,88.34,27.206,101.668,-19.676,-83.296,-23.802,4.274,9.023,6.777,4.795
13.79256,41.874,149.383,93.036,21.348,104.367,-16.276,-79.238,-60.282,3.251,15.303,4.993,8.643
14.04213,41.656,115.823,116.042,18.988,92.706,-14.139,-81.915,2.592,13.434,-13.451,0.664,11.753
14.2342,39.959,99.002,108.752,15.636,88.812,-12.729,-87.916,-30.833,-6.878,17.324,-2.669,-8.037
14.65184,38.944,77.264,123.919,15.658,90.134,-12.87,-80.631,-35.235,-2.635,-13.344,-3.371,-12.812
14.80789,38.997,8.917,137.552,1.578,88.258,-17.181,-77.915,-19.007,-9.116,-8.258,7.338,-29.696
15.23832,41.316,-18.873,128.596,28.809,78.908,-17.116,-85.877,-17.258,-5.351,-11.083,0.129,-36.242
15.46939,41.787,-23.374,131.367,-8.675,66.014,-20.958,-84.687,-8.133,-14.368,-13.915,2.4,-33.078
15.95828,41.641,-23.079,104.097,-0.821,23.204,-23.37,-66.21,-14.463,-47.334,-8.899,4.68,-3.849
16.17333,41.568,-61.395,84.576,20.387,24.291,-12.919,-52.295,-10.166,-45.809,-21.023,7.622,4.511
16.76467,39.569,-68.806,101.595,-20.586,30.318,-20.859,-23.756,-4.094,-41.395,5.75,8.014,10.945
16.99265,47.159,94.272,22.979,-24.512,79.319,-36.957,-14.891,-16.189,26.86,4.399,-2.201,39.291
17.24671,48.517,69.3,16.155,-30.681,82.109,-39.926,6.173,-30.28,38.631,25.849,-10.08,36.768
17.42109,49.089,43.773,17.099,-6.034,66.35,-45.184,-4.16,-4.935,37.264,7.879,-9.02,20.06
17.54825,48.221,18.124,34.955,23.081,68.817,-51.096,4.989,1.845,32.348,19.754,-16.965,15.134
18.44277,43.997,-7.942,40.372,-4.742,41.33,-34.972,-4.203,19.425,29.7,-3.828,-22.013,9.12
18.58753,44.329,8.199,33.946,-6.693,33.344,-17.511,-5.353,-2.735,20.441,10.044,-4.553,4.679
18.89537,43.849,-9.336,32.896,1.773,51.905,-41.14,11.852,-11.013,25.955,5.853,15.475,14.657
19.44649,43.141,-13.385,59.274,4.538,32.465,-37.127,21.587,5.801,12.228,11.491,-1.415,25.258
19.62639,44.428,-5.696,67.058,-19.019,41.802,-35.756,33.495,-4.914,23.397,6.369,-6.828,31.545
19.87057,45.269,6.788,69.103,-0.974,46.458,-39.066,27.557,17.479,13.055,-0.104,0.524,25.455
20.14363,45.607,30.758,77.647,26.478,18.265,-43.51,52.407,1.129,-24.772,-6.362,-1.593,30.576
20.39315,46.184,56.999,71.048,-1.154,22.083,-22.723,42.576,16.506,-27.567,-32.72,1.896,15.903
20.6019,47.997,98.62,55.826,16.233,23.297,-37.364,31.514,-14.307,-48.812,-15.58,7.669,9.559
21.00785,46.518,85.468,91.8,24.925,-1.697,-26.052,28.974,11.083,-40.442,-26.476,-5.912,-8.869
21.28113,45.404,89.883,102.66,4.387,-13.186,-22.814,15.652,3.812,-39.926,-5.51,-18.395,-19.037
21.47243,45.694,71.55,97.421,7.856,-1.808,-21.933,15.406,-5.562,-45.663,-6.802,-3.854,-15.474
21.70499,45.824,65.459,98.163,15.967,7.194,-27.165,9.175,-0.019,-42.876,-13.743,0.902,-21.108
21.91923,45.093,76.103,113.352,16.223,-11.156,-18.846,-5.066,3.947,-40.276,-9.151,7.584,-23.773
22.31424,44.68,85.531,95.62,27.046,-29.726,-26.949,-23.421,-14.571,-54.416,-10.412,4.387,-14.948
22.70313,44.288,70.895,89.118,10.24,-25.797,-22.179,-5.472,-11.908,-45.935,-18.087,4.863,-5.14
22.92989,44.771,72.04,69.606,23.949,-33.903,-15.348,-27.538,-6.982,-55.119,-17.686,-1.526,-4.761
23.05215,43.906,43.63,79.29,-10.178,-19.396,-7.485,-19.924,5.791,-49.372,-21.332,-4.784,-7.231
23.35361,44.497,46.644,93.607,17.03,1.083,-11.98,-51.796,-14.608,-50.829,-17.385,11.696,-12.882
23.58014,44.177,46.239,91.366,10.016,5.291,2.039,-62.354,-7.158,-57.292,-28.007,3.977,-5.067
23.73093,44.186,8.19,94.552,4.95,16.106,-6.991,-66.823,-2.608,-47.601,-21.796,0.25,-9.926
23.94562,43.587,2.376,107.983,-16.163,33.683,0.31,-67.464,-4.108,-39.435,-29.76,9.605,-28.166
24.18331,43.528,-9.706,121.368,-11.753,53.928,-15.933,-72.597,-3.885,-32.341,-3.837,1.689,-32.34
24.91492,45.05,26.459,118.926,33.754,46.55,-22.233,-62.613,-28.025,-20.68,9.857,-2.281,-36.38
25.0951,45.372,28.867,135.345,29.015,65.57,-31.97,-61.633,-2.751,-7.499,12.449,-1.295,-30.498
25.39678,44.786,19.432,148.704,20.3,85.491,-26.276,-48.861,-15.993,11.1,-11.535,4.261,-35.556
25.54204,45.614,55.213,139.255,25.424,84.814,-13.204,-53.493,-1.798,11.708,3.65,-10.363,-34.495
25.80385,44.973,48.465,132.813,17.903,87.264,-27.055,-46.649,-10.082,4.985,10.516,-2.985,-24.985
26.27338,44.188,28.496,174.864,44.047,97.504,-30.344,-41.08,-2.204,-1.078,10.015,-7.409,-35.461
26.50512,42.819,31.549,169.899,21.815,108.831,-28.699,-45.883,-6.876,-4.028,9.588,7.234,-19.411
26.99274,42.148,35.704,195.541,34.266,126.193,-33.265,-34.804,5.11,19.533,13.573,-0.589,-35.548
27.41125,41.912,116.383,184.145,30.777,121.592,-31.28,-27.71,-17.119,3.008,23.867,-17.61,-12.826
27.84036,43.169,57.815,156.952,23.213,112.937,-21.458,-40.746,-31.862,12.014,2.149,-0.461,-1.785
28.40399,43.399,-2.393,135.045,33.591,87.924,-29.231,-63.145,-21.384,-13.669,2.396,-5.854,-11.327
28.79211,42.864,-30.635,131.077,8.013,80.82,-22.51,-59.306,-10.913,-17.79,-9.352,4.201,-18.877
29.00739,42.997,-54.444,123.318,10.271,49.188,-26.236,-32.745,-6.326,-42.025,-13.106,3.754,-2.734
29.32086,43.152,-65.173,121.51,26.694,44.035,-31.718,-33.093,-6.912,-36.407,-12.243,-5.945,-0.294
29.59379,42.124,-46.364,118.998,22.233,38.289,-29.328,-34.906,-2.364,-33.234,-17.212,0.431,3.261
29.70494,42.738,-67.809,89.468,-24.782,40.496,-14.712,-36.368,-16.618,-40.802,-15.62,8.968,10.972
30.02943,44.045,-44.744,99.303,-6.813,38.417,-29.024,-36.817,17.326,-28.226,-16.329,14.996,-4.897
30.43565,44.888,-19.848,102.525,-1.666,35.38,-15.367,-23.039,4.197,-28.911,2.213,-0.935,-8.439
30.56268,46.266,-7.514,89.886,-10.831,6.894,-27.212,-14.381,-1.911,-30.422,-14.892,10.414,-6.434
30.73175,48.656,15.073,57.218,-34.271,-2.168,-23.03,-9.047,28.622,-24.442,-14.47,2.105,4.343
30.99297,49.151,44.587,43.159,7.258,9.23,-20.466,-8.419,-2.552,-12.795,-18.752,5.403,5.592
31.219,47.661,68.477,85.369,2.292,-1.467,-19.898,-13.986,-1.284,-30.648,-8.727,0.357,1.992
31.44603,48.448,61.78,86.61,-3.163,11.594,-13.572,-29.084,-14.429,-27.645,-12.097,1.524,24.478
31.59066,49.02,56.922,75.059,4.695,-0.401,-9.76,-33.338,15.363,-19.352,-31.936,11.414,17.407
31.78254,48.081,68.072,104.72,-9.185,5.008,-14.562,-30.406,-6.264,-27.89,-13.662,-0.84,10.218
32.02054,48.916,68.207,87.309,5.071,-6.735,-8.96,-48.73,3.923,-28.772,-23.917,6.548,-2.36
32.16571,48.398,44.977,66.858,11.131,-16.603,-13.086,-21.118,-4.3,-38.175,1.517,-6.95,15.877
32.29329,48.716,50.287,62.19,-5.258,-30.006,-19.344,-32.27,8.311,-31.249,-9.773,7.153,-8.095
32.83306,48.209,72.68,59.852,-13.359,-20.989,-20.366,-32.463,-1.765,-25.434,0.622,-12.134,-10.568
33.00707,48.729,41.214,35.256,-33.667,-35.668,-24.942,-26.006,-0.942,-32.783,-2.353,-5.041,-18.214
33.53134,49.526,52.495,27.615,4.98,-46.576,-26.888,-19.676,1.057,-33.122,-1.131,15.048,-15.656
33.88354,48.074,75.857,68.497,-6.669,-19.936,-17.16,-13.647,4.346,-25.723,11.749,0.73,-28.38
34.31914,47.325,105.195,81.934,-4.815,-13.424,-24.72,-15.559,4.125,-40.936,-2.32,-8.058,-15.011
34.59102,47.065,68.296,65.576,-10.315,-18.945,-23.094,-23.199,1.622,-32.5,4.494,-7.111,-30.813
34.82952,46.513,83.439,45.609,-2.409,-13.075,-29.096,-17.863,-14.877,-38.568,-1.396,-6.323,-26.937
35.05592,45.569,77.933,58.573,-10.789,-29.659,-13.535,-30.496,1.801,-29.095,-8.301,-1.221,-20.744
35.22993,45.487,72.979,60.389,2.804,-26.451,-5.612,-37.291,-0.743,-33.462,-12.782,-16.829,-29.298
35.35238,44.973,78.145,75.631,10.333,-27.026,-23.823,-35.558,-10.255,-38.658,-1.35,0.409,-26.913
35.93279,44.925,49.105,56.197,9.508,-19.985,-11.881,-27.088,-5.801,-32.971,-5.185,-21.711,-19.678
36.05429,45.101,58.449,77.029,3.986,-24.03,-31.078,-24.26,-19.428,-34.216,-1.962,0.409,-14.622
36.45034,44.874,8.364,57.154,-15.35,-16.405,-14.145,-19.744,4.263,-18.742,-21.466,4.76,-3.162
36.9263,45.403,5.949,54.032,6.51,-16.959,-26.051,-33.854,0.059,-45.696,-8.491,0.238,11.273
37.33764,43.532,-21.988,44.838,-14.632,-20.381,-16.026,-12.159,-18.353,-31.511,-8.233,-6.23,-0.665
37.51615,43.59,-25.039,49.909,7.471,0.916,-26.47,-14.095,5.558,-27.764,-15.282,6.446,4.925
37.79156,42.775,-20.138,56.954,-5.463,4.217,-19.71,-18.958,-4.454,-23.186,-5.851,-3.678,0.621
38.0742,41.753,-21.816,64.245,0.855,-3.648,-33.027,-32.209,-2.534,-28.172,-11.547,5.353,-11.59
38.7658,40.161,-33.514,75.28,-3.647,13.142,-29.691,-23.417,-5.125,-19.664,-9.837,4.124,-3.145
39.02744,42.685,-8.634,73.574,-17.528,23.851,-15.04,-28.584,-2.061,-0.306,3.08,0.572,-14.34
39.19002,42.772,8.593,67.298,27.224,37.457,-16.426,-34.139,-8.841,22.267,-13.319,-27.407,-21.463
39.33506,41.528,25.039,114.097,-9.856,53.585,-15.077,-38.742,16.649,18.867,-2.197,13.233,-34.014
39.46254,43.592,29.256,96.839,16.509,64.622,-19.303,-31.976,-24.731,32.509,4.894,-13.26,-30.082
39.77637,43.021,74.686,114.194,2.094,53.317,-34.832,-40.872,12.025,37.17,0.685,-5.135,-33.009
39.93252,44.568,84.897,123.719,4.781,53.969,-26.899,-32.762,-19.246,31.855,13.932,-9.896,-41.966
40.29828,46.465,41.195,97.857,15.956,27.914,-30.001,-25.636,0.767,9.136,8.717,-10.433,-30.348
40.51878,45.962,32.468,96.007,1.145,14.766,-28.671,-23.127,-3.826,-3.595,9.371,-9.167,-35.939
40.63515,46.494,55.228,97.903,-5.454,18.603,-28.557,-14.124,15.949,7.904,6.192,-6.742,-21.904
40.83873,48.034,55.201,111.876,-2.17,39.519,-32.72,7.208,-2.951,26.923,17.999,-6.621,-10.595
40.99515,48.878,74.921,111.767,-9.303,36.397,-34.968,-7.933,-4.064,23.048,8.494,-6.146,-10.705
41.36077,49.844,90.292,111.131,31.33,40.333,-33.531,-22.571,4.164,29.356,9.44,7.991,-14.953
41.82494,48.874,83.986,117.164,35.919,32.575,-48.002,-32.21,-9.64,3.185,24.747,-21.226,-5.243
41.94694,47.796,108.956,127.629,6.412,28.715,-21.654,-26.466,-25.491,1.112,3.759,-8.871,-7.286
42.10948,48.707,111.593,128.264,30.417,52.007,-21.009,-27.483,-7.625,26.404,12.729,-9.842,-11.891
42.29497,48.635,78.352,114.996,10.04,42.38,-24.909,-50.005,-15.331,-3.856,3.274,3.743,-0.099
42.78839,48.321,82.961,99.728,6.975,51.464,-24.451,-61.53,-3.685,2.871,8.441,2.064,6.51
43.23016,48.054,101.828,91.022,-4.719,69.898,-15.238,-59.565,-2.004,12.802,5.612,12.727,12.058
43.88018,47.182,133.021,94.131,-9.275,99.249,-34.15,-59.439,-4.589,14.135,11.92,6.545,11.786
44.13556,47.412,121.12,87.344,0.622,78.649,-49.554,-70.036,-12.228,8.811,0.558,-3.705,14.398
44.31506,47.429,136.959,92.678,8.345,91.788,-34.186,-70.653,-5.934,21.284,-1.42,-1.175,4.292
44.40785,48.224,150.979,113.528,-13.406,91.571,-20.01,-74.689,-21.326,22.837,7.973,6.813,-6.852
45.11619,49.763,119.622,106.501,1.099,68.34,-25.27,-87.873,-26.403,9.237,-6.41,8.953,-13.083
45.23791,50.637,103.844,90.421,-5.566,46.949,-28.835,-77.976,-26.07,0.684,6.919,2.763,0.457
45.57565,50.265,114.861,116.883,20.949,55.572,-21.346,-70.035,-28.43,1.772,13.811,7.73,-10.649
46.01057,49.365,88.977,128.179,-1.41,65.789,-20.103,-54.21,-19.131,9.81,31.279,-3.947,-4.707
46.2946,49.531,70.562,94.269,17.357,53.597,-16.483,-43.181,-3.773,27.814,5.212,2.174,3.161
46.46907,49.766,65.392,92.715,2.688,38.294,-37.549,-50.86,4.517,8.797,22.353,-4.812,8.825
46.72454,49.167,64.372,93.873,14.547,62.726,-7.804,-65.376,-17.047,24.849,-11.537,-7.725,-12.713
46.90413,48.046,50.898,90.261,18.48,62.101,-31.365,-78.77,-31.814,22.345,11.36,3.544,-20.076
46.98476,48.939,83.24,104.155,14.92,63.857,-11.696,-77.412,-33.597,19.88,-2.593,-0.142,-23.123
47.14204,49.118,83.242,112.409,30.483,71.467,-4.364,-71.12,-35.135,12.232,7.497,3.961,-17.132
47.38621,47.791,38.313,146.145,-3.081,88.145,-18.945,-68.62,-17.512,1.162,10.058,-0.453,-13.186
47.54853,48.895,67.268,107.6,9.603,62.325,-14.356,-79.079,-20.071,8.922,-5.289,-14.079,-5.802
47.85129,47.976,49.974,108.385,-26.166,69.435,-12.08,-45.221,3.9,8.356,-14.814,4.975,2.568
48.01891,49.231,77.873,80.7,15.036,42.429,-12.322,-32.211,-22.736,-3.876,-3.949,1.451,31.574
48.77923,48.294,7.935,32.401,-25.85,6.537,-13.526,-14.422,1.819,14.092,-13.6,-0.683,37.179
49.08141,46.793,26.914,40.274,13.748,6.755,-47.128,-21.129,-2.675,15.51,4.399,-2.342,27.459
49.16853,48.22,31.735,55.914,-2.562,4.757,-38.795,-6.125,6.977,3.898,21.129,6.791,43.367
49.39329,47.543,33.504,54.255,7.653,6.24,-40.358,-9.978,6.0,6.928,-2.625,14.268,37.461
49.60921,45.707,23.374,35.857,-0.347,8.957,-19.353,-26.507,-21.336,1.444,5.581,-3.986,29.612
49.70077,47.64,39.187,38.349,-1.144,2.336,-16.99,-14.932,11.006,15.885,-6.036,17.486,30.494
50.03293,44.424,32.474,71.726,-16.337,16.147,2.422,9.57,-11.514,5.159,-1.818,-0.316,42.431
50.21868,44.496,18.564,32.177,-0.352,3.943,-32.279,-14.556,-15.263,12.638,5.255,-3.059,31.514
50.88667,42.743,39.29,40.411,-10.265,10.115,-28.36,-27.265,-13.637,26.563,1.22,11.529,6.477
51.04916,43.651,12.707,36.561,-27.554,8.055,-33.667,-44.195,-19.676,8.789,9.219,-6.725,5.711
51.21782,44.453,-3.301,46.586,0.893,19.874,-39.848,-45.002,-13.401,7.151,5.857,-7.608,-10.71
51.43252,43.837,-3.772,57.13,-6.234,30.967,-28.937,-59.351,-19.738,7.809,5.275,-4.084,-25.495
51.62966,44.116,-15.193,77.81,6.856,49.885,-16.277,-57.381,-16.793,6.657,8.527,9.363,-26.339
51.82195,43.824,-33.265,77.797,-2.529,52.107,-29.351,-48.769,-6.245,7.706,3.09,-2.452,-12.171
52.30349,43.371,-64.221,25.413,1.527,20.262,-29.825,-30.347,-15.034,6.786,4.917,-13.868,-8.913
53.2434,40.172,-74.79,42.779,-15.149,34.296,-30.046,-35.723,-1.463,14.282,3.152,-2.525,-12.382
53.55093,41.311,-81.139,16.532,-46.142,6.391,-33.564,-1.215,-0.875,3.092,2.689,4.546,-0.242
53.8634,44.153,-50.054,41.805,-30.306,10.107,-26.002,1.539,-1.651,-13.452,6.002,-10.888,-13.009
54.05025,44.406,-45.281,35.771,-20.394,23.286,-29.008,-15.485,6.175,-8.068,3.877,-12.205,-21.248
54.29497,45.889,-40.872,34.624,-32.677,3.304,-23.916,-15.378,0.92,-7.073,11.99,-11.366,-36.915
54.43442,46.514,-14.662,47.053,-20.853,-5.073,-26.415,-0.287,-3.246,-12.27,9.029,-4.452,-37.31
54.7517,48.076,-3.015,43.603,-22.2,28.991,-32.152,5.387,-13.838,18.518,-13.997,-2.811,-18.839
54.93832,48.735,20.313,47.687,0.775,38.166,-24.149,-6.803,-29.606,8.895,-9.441,3.96,-21.131
55.21755,48.129,-2.293,64.444,-13.157,34.55,-36.022,-14.925,-10.412,13.142,8.654,-2.501,-21.782
55.61692,48.203,3.481,48.294,-12.469,35.428,-31.357,-25.763,4.298,22.796,17.781,-3.925,-25.657
55.94866,48.753,11.367,27.646,-10.351,21.778,-39.503,-15.194,22.534,23.479,8.54,-4.795,-18.461
56.36649,49.361,17.692,-5.466,-36.367,37.873,-41.13,-13.063,9.672,31.881,14.235,-3.843,-12.435
56.79692,48.653,9.848,-2.333,-17.242,52.739,-50.743,-17.448,8.818,30.1,24.692,-4.009,-9.354
57.06834,47.971,31.123,20.485,-6.594,46.661,-55.26,-2.354,10.835,36.54,24.216,-10.836,-11.392
57.23687,47.478,25.266,24.217,3.295,55.164,-49.487,6.694,6.306,45.495,16.087,-24.029,-9.007
57.39438,47.7,36.52,6.05,-10.722,51.682,-53.364,-12.255,-15.251,33.645,24.431,-6.136,-10.241
57.67351,47.744,14.1,7.374,-9.997,35.334,-51.446,1.573,-14.828,27.001,23.02,-15.439,-15.411
57.76481,47.401,29.456,-3.909,-29.942,38.726,-39.896,-6.118,0.644,37.73,11.12,-17.915,-7.51
57.99084,47.262,4.641,-15.139,-38.977,17.508,-58.916,-24.693,-14.699,8.015,23.49,-3.347,-14.292
58.06735,48.133,37.772,-11.77,-41.407,23.738,-46.584,-26.949,-3.301,23.844,11.528,-8.751,-16.698
58.36295,48.155,44.668,7.625,-17.408,58.771,-41.416,-7.596,-6.945,45.386,17.591,-15.062,-10.408
59.08413,46.076,16.089,3.865,-28.281,54.363,-39.661,-12.401,-12.397,19.589,17.717,1.163,19.233
59.27515,45.709,38.523,25.837,-8.722,65.366,-31.688,-0.431,-10.144,16.033,3.94,-1.526,26.55
59.94172,45.268,9.056,45.627,-1.501,56.32,-29.68,-21.976,-5.219,5.861,-22.791,-5.379,11.194
60.05288,46.587,13.446,49.858,-23.075,65.458,-28.299,-42.922,-24.771,-4.146,2.382,-0.208,13.406
60.22703,47.617,2.745,70.3,-6.721,80.73,-38.986,-26.688,-6.032,-1.563,8.834,19.44,21.337
60.63279,47.65,-5.106,109.94,20.456,87.678,-37.932,6.861,8.92,-6.493,-9.462,13.061,34.288
60.87692,48.453,19.29,93.133,11.755,78.842,-32.021,24.67,10.688,-8.63,1.396,-4.077,33.6
60.96961,49.476,14.041,90.701,14.102,77.116,-36.061,15.083,-11.559,-1.453,7.305,6.524,26.268
61.59746,48.609,0.624,94.363,11.395,74.433,-34.928,-15.663,2.732,3.762,-9.972,5.312,8.545
61.76449,49.3,-0.861,99.35,8.524,87.163,-26.122,-22.911,0.354,-6.293,-15.399,-4.186,3.651
61.93923,48.924,-9.717,95.428,21.468,55.297,-33.471,-11.148,-5.065,3.264,1.803,0.179,1.544
62.08975,48.024,-17.078,88.703,15.569,65.311,-31.729,-20.905,-3.897,7.916,-0.517,-1.61,-0.948
62.43283,47.317,-24.267,104.514,15.037,47.429,-34.163,-20.819,-0.936,-3.268,-0.293,-3.706,-13.925
62.90322,46.29,-26.606,103.663,5.394,43.966,-31.346,-25.138,13.401,-0.312,-1.448,-6.951,-24.352
63.14658,45.599,-13.724,108.755,23.318,50.505,-44.23,-22.43,-17.875,2.895,10.797,-11.021,-31.933
63.2859,45.183,-28.463,98.915,-4.781,48.473,-25.492,-24.231,-14.376,0.132,5.186,-13.112,-28.554
63.50086,44.74,-11.558,107.63,12.229,61.907,-17.395,-23.953,-8.951,2.384,5.64,-8.694,-19.894
63.71587,44.585,-18.654,102.216,6.51,38.487,-32.435,-7.03,3.456,11.534,11.416,-8.563,-39.254
63.87796,45.05,13.363,108.546,18.237,51.423,-28.099,-2.698,-15.215,29.071,16.206,-21.331,-38.99
64.11569,44.909,1.846,103.698,-4.959,57.707,-42.378,-12.614,37.498,45.017,1.845,1.304,-47.459
64.26771,45.96,46.232,103.233,15.372,46.82,-19.212,-21.283,-5.558,27.196,29.577,-33.513,-45.466
64.48249,42.537,0.964,101.529,2.847,62.684,-33.773,-2.139,-7.141,43.396,8.662,-15.097,-47.237
64.59787,44.191,46.926,105.747,20.757,62.532,-33.447,-12.224,0.727,43.723,9.071,-11.834,-43.04
64.78413,43.961,34.891,117.79,13.391,65.097,-32.734,-18.629,4.519,30.376,16.854,-24.368,-39.253
64.97528,45.681,34.837,121.227,23.475,79.595,-21.074,3.411,-7.529,32.11,25.861,-8.961,-26.877
65.13737,45.782,29.315,135.676,23.36,75.168,-21.838,12.163,-1.789,19.621,23.417,-21.703,-20.748
65.35197,45.95,16.434,130.973,7.842,85.039,-33.756,3.671,8.369,40.504,16.837,-1.547,-31.474
65.57914,46.528,68.83,126.85,43.13,89.999,-53.67,24.957,-11.963,50.957,15.69,-8.701,-14.345
65.88612,47.421,81.177,138.37,45.55,87.874,-44.113,39.053,-7.327,35.344,14.762,-20.059,8.378
66.02005,47.142,67.729,150.126,34.573,81.893,-35.972,42.433,7.292,43.703,10.134,-7.463,-18.114
66.57116,46.7,41.653,137.903,36.659,86.403,-62.072,33.551,2.674,39.406,5.553,-22.476,-23.842
67.20399,45.733,38.503,127.271,33.377,85.854,-40.779,28.006,12.869,35.901,16.852,-22.91,-26.173
67.45429,44.688,44.712,121.182,32.168,65.917,-40.493,16.079,-6.683,21.714,10.33,-18.831,-34.623
67.58095,44.144,26.175,121.194,25.883,82.835,-37.273,22.149,1.974,34.493,10.138,-11.506,-32.379
68.11537,44.264,41.272,120.329,30.516,82.486,-52.298,32.711,1.274,57.389,19.479,-24.086,-22.079
68.53333,43.222,55.309,111.872,29.285,80.459,-44.673,25.542,-3.062,48.016,12.354,-12.843,-33.587
68.63814,43.606,46.301,121.47,12.222,83.071,-36.49,9.704,-7.14,38.327,19.07,-19.698,-21.121
69.03338,45.306,-2.111,108.912,4.67,80.384,-25.899,-53.45,-32.593,-8.368,-1.615,6.574,-8.58
69.62444,46.198,9.139,130.384,17.82,68.403,-35.04,-20.144,-0.484,18.623,4.575,-8.287,-41.04
69.77556,46.897,74.397,118.035,12.554,49.915,-20.524,-47.523,-3.883,13.971,-12.952,2.589,-33.63
70.14186,47.432,86.204,132.093,16.857,61.825,-12.588,-36.7,-19.136,21.229,16.242,-16.576,-39.56
70.31605,47.107,80.031,139.894,36.997,62.879,-21.998,-27.625,-25.872,17.691,16.405,-14.613,-49.14
70.59973,47.057,84.289,157.443,9.531,95.782,-20.309,-13.197,-11.677,29.893,15.325,-16.655,-29.241
70.91329,46.713,63.917,181.393,43.747,100.53,-26.689,-5.437,22.847,29.939,8.177,-13.987,-37.561
71.17506,46.186,72.564,150.769,44.465,90.957,-39.378,-2.942,2.419,38.494,4.436,-11.199,-23.988
71.28544,46.087,72.885,170.12,25.106,103.606,-26.547,-7.181,-0.865,28.236,8.035,-14.046,-34.841
71.8834,45.907,90.8,179.816,28.997,108.403,-40.209,12.065,13.659,8.357,21.959,-5.599,-24.416
72.16172,46.105,124.323,186.823,52.591,119.442,-30.927,-4.14,13.187,18.884,-9.723,-11.058,-31.932
72.32975,46.099,59.745,179.136,29.783,92.894,-37.139,14.879,-12.838,-5.007,14.63,-7.672,-28.723
72.44639,46.905,105.676,145.91,42.655,104.954,-44.213,-3.885,-4.722,6.776,-6.738,-22.242,-14.22
72.57388,46.573,72.702,144.086,37.834,123.254,-24.64,12.636,5.002,30.471,8.879,-14.047,-21.402
72.85855,45.347,58.364,127.79,27.676,83.174,-35.645,20.955,9.238,18.156,18.247,-19.778,-25.933
73.24735,45.106,48.941,115.429,11.012,86.732,-41.861,30.401,0.246,38.634,32.179,-19.294,-21.704
73.54385,45.319,-0.696,92.177,22.157,64.641,-52.239,12.544,0.929,22.945,18.08,-19.71,-20.219
74.30363,43.666,-55.878,52.869,3.358,6.372,-22.671,-21.722,-14.124,-30.785,-11.046,1.975,-13.31
74.42612,43.701,-50.902,58.632,-5.836,33.008,-33.986,-29.313,4.65,-14.688,-10.407,0.106,-4.52
74.86086,42.545,-52.37,65.719,-2.088,39.857,-45.947,1.329,-1.98,-16.324,-1.329,-4.252,10.936
74.96512,43.216,-74.34,61.887,-4.158,14.249,-29.229,-28.492,-1.992,-33.653,-15.345,15.291,1.425
75.28508,42.742,-49.386,71.901,-14.92,13.668,-25.047,-16.834,5.009,-34.347,-14.22,9.703,-1.548
75.39474,45.361,0.981,22.347,-0.533,52.424,-23.405,-19.343,-27.213,-35.534,-27.51,14.753,0.242
75.56358,45.815,19.648,-5.392,-5.701,61.5,-9.5,-35.258,-31.646,-20.202,-32.947,15.712,3.849
75.84295,43.514,-26.677,35.484,3.494,32.573,-42.242,-42.585,-14.071,-28.896,0.679,-7.407,9.212
76.0107,43.077,1.515,31.037,9.852,51.888,-47.368,-24.73,-39.011,-41.111,-5.424,-0.975,11.196
76.44644,42.147,-34.665,43.554,-3.927,50.155,-39.119,-11.524,-20.782,-39.083,-11.388,-1.988,14.88
76.87506,41.204,-44.985,46.081,-10.044,48.717,-43.124,-1.549,-2.623,-5.87,-1.577,2.706,8.268
77.09637,41.612,-54.962,49.349,-2.894,42.758,-42.933,-9.844,5.968,3.156,-5.169,4.785,7.694
77.3512,43.06,-41.718,67.692,-38.887,32.733,-41.308,22.965,-11.294,-1.156,10.797,9.794,21.255
79.418,48.712,21.424,66.142,2.612,5.331,-15.611,-17.807,-1.643,-36.518,-8.868,2.099,-23.436
79.50476,49.426,21.588,88.979,-8.122,8.151,-28.392,-25.169,2.945,-32.331,-6.429,-11.479,-27.954
79.68984,48.791,8.187,75.7,2.827,10.716,-34.06,-9.595,12.051,-34.913,-6.145,0.99,-29.9
80.19615,48.631,17.759,96.876,18.243,44.104,-30.392,14.428,4.067,-14.053,-1.074,-12.141,-29.603
80.50875,48.919,23.061,97.114,20.287,40.246,-38.947,35.447,5.879,-16.694,-12.034,3.877,-7.506
80.70653,48.754,29.27,76.811,19.121,25.779,-59.621,39.455,9.12,-19.097,1.463,-4.101,6.334
81.11247,47.604,48.148,75.836,6.437,37.464,-45.598,38.288,6.99,-7.73,4.584,-7.289,11.429
81.57737,47.825,22.403,95.485,20.152,40.59,-33.076,47.384,1.646,-16.674,-2.29,-5.967,3.883
81.77528,48.307,25.924,85.395,10.585,30.006,-32.277,57.381,12.936,-7.193,-13.509,-12.395,-3.301
82.01306,47.741,33.124,60.007,5.457,41.433,-29.924,61.456,16.24,3.198,14.123,-21.795,4.355
82.2288,46.913,38.563,40.102,13.843,20.563,-41.573,56.752,5.377,1.865,12.883,-7.236,-5.233
82.32118,47.715,47.111,41.759,10.705,23.351,-59.086,58.33,-9.681,8.309,1.978,-3.342,-0.404
82.48912,48.188,63.662,35.718,23.573,20.077,-52.954,59.903,-5.067,4.527,9.376,-6.171,5.68
82.73279,47.12,46.345,50.397,4.067,17.638,-28.917,63.114,6.426,3.688,7.039,-17.988,5.624
83.11583,46.136,33.41,71.222,1.436,29.768,-37.722,55.684,5.916,-3.089,11.205,-19.57,-2.854
83.36467,46.801,15.182,72.458,4.535,57.916,-32.51,20.222,14.242,3.765,5.1,-8.322,-4.63
83.58599,47.447,6.388,70.16,-4.98,52.525,-31.231,22.57,-2.071,3.524,13.093,-5.103,13.734
84.44558,47.904,0.711,98.892,6.161,51.118,-33.074,19.152,12.665,-8.221,4.353,-0.715,46.634
84.60213,49.43,5.661,102.782,-4.374,38.846,-22.006,29.29,7.142,-12.641,-5.609,9.255,45.533
84.88671,49.333,-5.927,94.972,8.563,50.464,-34.15,22.133,15.627,-15.325,-10.89,1.231,32.413
85.11306,49.959,4.617,108.419,12.174,47.121,-50.829,33.244,17.74,-9.105,-0.948,7.631,23.012
85.54798,50.865,58.157,117.949,20.351,30.964,-26.891,32.575,-1.344,-1.396,16.88,1.145,10.477
85.90254,51.661,42.21,133.281,13.875,63.066,-35.174,23.054,6.515,-10.241,-1.91,-12.448,-6.01
86.22172,51.14,54.491,134.251,35.839,60.498,-38.899,11.41,10.186,-7.131,-12.884,-9.037,0.324
86.36054,50.769,64.716,135.217,27.364,68.554,-21.93,13.979,-11.186,-1.747,-5.951,-5.357,-16.796
86.8195,49.293,64.936,136.135,9.308,43.74,-19.144,12.304,-18.526,-25.558,-6.196,-2.74,-11.934
87.16159,49.939,64.369,140.712,46.635,50.319,-24.122,-20.135,-9.592,-34.465,-17.403,2.232,-22.07
87.38834,48.023,73.822,145.475,9.52,59.6,-24.364,-20.139,-3.778,-26.414,4.337,-22.078,-21.264
87.562,48.475,70.029,151.564,13.645,76.377,-12.027,-17.041,-14.252,-6.678,9.208,-24.171,-28.171
87.82327,48.388,67.546,142.857,22.98,67.976,-28.39,-4.144,7.183,5.614,-2.042,-18.705,-32.959
88.00331,48.985,46.912,141.81,16.89,45.427,-19.089,5.159,21.612,-11.416,14.062,-9.521,-27.526
88.67687,49.311,57.436,115.159,21.702,14.672,-25.587,10.075,-7.128,-15.273,-2.642,-2.912,-11.849
88.87946,49.395,77.084,118.422,10.096,18.855,-20.682,-4.504,-0.903,-2.818,6.218,-5.323,-23.935
89.362,49.761,120.144,121.09,8.146,40.679,-29.621,-7.08,-9.071,6.437,-11.102,-8.003,10.883
89.58263,50.34,100.75,127.241,23.238,50.115,-29.663,1.686,15.18,-0.939,-1.728,7.802,39.066
89.95959,51.521,100.175,113.932,3.966,74.176,-35.901,-53.663,-7.857,1.387,14.359,0.945,30.202
90.75619,51.203,76.02,52.552,-6.257,55.25,-13.391,-91.835,-14.616,2.589,0.718,-12.648,17.948
90.89429,50.845,76.896,67.422,-14.903,54.215,-15.341,-80.003,-12.619,-3.772,-11.784,10.561,16.23
91.44612,50.21,117.98,73.696,11.372,50.624,-23.501,-76.809,-34.291,-9.366,-2.497,-5.021,28.464
91.66662,50.339,85.161,78.899,-6.059,73.734,-32.402,-74.055,0.081,-7.052,10.625,3.364,21.131
92.23542,48.913,93.63,73.787,-16.48,82.77,-32.697,-67.549,-2.892,2.481,1.241,10.281,18.149
92.72902,48.874,89.718,65.895,-16.837,70.871,-23.483,-77.473,-11.672,20.413,-0.703,4.507,20.683
93.08839,48.782,104.54,79.168,6.053,61.861,-50.448,-74.336,-5.154,13.461,2.319,8.105,25.665
93.19356,49.029,102.474,63.553,2.144,69.876,-20.794,-85.87,-37.766,11.988,25.474,-25.039,30.27
93.29224,48.665,106.331,76.174,-15.874,64.416,-20.328,-68.009,-37.676,13.561,3.785,-12.089,26.652
93.45995,49.505,124.55,74.083,1.948,69.583,-28.434,-84.03,-17.165,25.966,4.163,0.371,12.974
93.54762,49.621,67.544,60.603,-11.605,73.183,-12.961,-76.696,-4.952,23.887,4.654,-4.953,13.889
93.68694,49.378,108.273,87.847,5.048,79.116,-26.861,-69.344,-16.336,31.144,9.711,5.589,8.792
93.94163,49.753,101.242,95.902,-4.87,83.462,-18.801,-53.563,-18.776,30.841,20.548,-3.712,18.334
94.16259,49.008,81.849,91.486,-0.888,70.23,-18.369,-28.179,-8.304,18.388,10.329,10.067,27.547
94.43524,49.675,54.478,77.57,8.352,51.778,-29.022,-21.656,1.082,-5.26,1.503,-21.949,37.747
94.62005,48.488,52.798,97.877,10.283,51.941,-24.009,-2.055,-0.859,-11.206,1.31,8.046,38.933
94.79546,49.263,36.972,97.398,24.113,34.015,-33.722,12.905,3.176,-25.286,2.44,5.766,40.345
95.06277,47.979,48.122,107.505,26.509,26.392,-34.258,30.48,2.423,-29.97,-11.005,4.871,38.59
95.91048,47.475,24.795,65.221,11.985,-23.033,-36.202,54.27,26.738,-43.763,-10.463,3.49,31.177
96.04331,46.635,40.496,52.963,15.237,-5.622,-39.567,55.172,18.515,-44.088,-0.976,-3.62,28.028
96.22372,46.387,41.649,60.879,5.464,3.434,-36.531,57.914,20.368,-33.38,7.413,2.376,29.248
96.40381,45.553,55.354,72.906,13.602,30.819,-39.19,52.384,-1.0,-24.817,0.577,-13.146,36.534
96.70494,45.791,13.832,73.598,8.996,17.338,-27.57,50.137,6.32,-34.808,-11.147,-7.975,40.606
96.93143,45.698,3.825,48.504,-1.213,15.866,-42.786,22.407,8.763,-26.679,-25.553,14.351,39.463
97.26299,44.898,-4.007,48.99,0.838,29.744,-29.951,19.995,-1.556,-13.792,-7.539,0.763,25.781
98.24921,43.822,-0.626,74.058,-4.841,38.802,-42.609,19.691,10.942,-8.014,-5.76,7.626,45.45
98.65465,45.063,1.094,60.254,-7.132,35.604,-28.206,8.706,23.153,-27.214,-1.951,17.226,58.292
99.06227,43.952,27.828,54.913,-10.089,42.738,-26.386,-5.372,4.318,-9.852,-16.936,-0.04,48.071
99.46848,42.445,38.03,77.557,-0.964,48.701,-36.402,16.964,2.514,-1.654,5.212,-4.589,28.177
99.67773,43.263,8.076,62.976,-12.302,59.61,-28.79,-10.848,3.618,9.616,-8.392,-1.494,7.606
99.9507,43.337,9.022,63.3,5.14,56.972,-31.365,-10.855,-11.518,-0.072,0.781,7.932,7.705
100.72245,42.612,-12.934,73.861,7.707,46.967,-34.863,2.094,6.894,12.304,-5.283,-0.628,-2.866
101.83093,40.922,0.817,79.441,0.158,41.643,-27.15,-0.02,11.583,23.883,11.235,-3.419,-12.426
102.08041,40.633,22.927,94.046,6.852,54.653,-20.429,-20.225,27.977,29.247,7.563,6.878,-6.392
102.25528,40.562,25.593,104.567,8.162,60.695,-33.891,10.905,8.618,40.529,17.345,-2.678,-14.034
102.52748,41.311,27.085,71.074,13.627,29.149,-44.904,8.114,5.576,42.381,19.766,-15.25,-15.722
102.95134,40.483,20.381,46.854,21.33,22.187,-46.405,-7.119,11.694,40.392,22.79,-14.808,-11.141
103.0971,39.36,28.364,37.681,-26.341,30.406,-21.412,6.325,11.738,37.665,13.549,-19.314,-13.379
103.32295,41.217,68.987,19.232,16.253,57.667,-33.41,15.487,-26.789,23.711,27.237,-5.992,-17.314
103.65279,39.624,7.373,30.347,3.008,-17.026,-47.055,11.061,-11.443,-0.59,16.036,-1.464,-11.004
103.75229,40.505,20.616,33.452,-10.878,16.024,-27.729,11.232,-9.029,-19.913,-3.131,0.205,-7.922
104.07188,40.209,9.287,61.671,13.274,-9.096,-37.006,-1.53,-3.77,-22.9,-8.312,2.883,-16.197
104.19347,40.511,28.503,58.988,-2.635,1.092,-29.391,-10.591,-10.391,-35.795,0.743,-5.446,-23.592
104.34385,40.417,24.343,55.432,5.005,-11.432,-41.603,-29.401,3.217,-37.284,-8.067,3.711,-19.104
104.76875,40.243,34.039,76.143,-14.235,2.567,-27.317,-33.348,1.752,-22.871,-2.732,-2.249,-13.168
105.09887,41.079,19.31,63.788,-2.54,27.131,-32.65,-26.893,-7.031,-9.968,-3.551,-9.908,-7.313
105.8595,40.254,40.545,76.0,-8.769,13.12,-27.924,-27.384,-8.031,3.605,8.47,-3.274,-31.489
106.06902,40.731,52.229,77.825,8.407,7.678,-28.829,-34.61,4.936,6.157,-2.221,-3.828,-36.916
106.17329,40.126,41.132,81.873,19.339,20.503,-20.129,-30.859,-6.254,4.628,7.444,-14.155,-40.155
106.3361,38.328,20.282,80.061,4.689,32.3,-24.004,-23.617,-15.747,15.56,3.424,-3.421,-42.746
106.41669,39.595,43.919,85.456,16.912,35.541,-17.513,-25.273,-21.678,11.548,10.81,-18.785,-34.063
106.59156,39.273,52.279,81.345,2.897,36.577,-29.302,-31.602,-3.664,24.863,15.972,5.744,-33.79
107.03265,37.76,56.025,95.616,-8.348,40.011,-32.687,-42.331,11.229,14.487,18.184,4.29,-12.574
107.79379,36.939,88.119,95.21,2.766,64.593,-25.835,-69.453,-1.193,9.489,-3.443,-0.53,1.714
108.50667,35.371,92.311,102.894,3.583,99.45,-35.512,-58.975,-9.854,3.198,11.735,-6.23,-14.667
109.06417,34.59,101.924,97.118,5.421,110.086,-32.204,-45.894,-15.023,-4.007,8.439,-3.282,7.947
109.39497,34.772,116.551,117.25,17.693,106.422,-13.543,-37.222,-11.92,-19.294,16.327,-3.132,12.62
109.58063,34.532,90.469,117.702,13.638,116.511,-40.282,-23.527,-6.916,-14.388,2.978,3.633,28.002
110.02168,34.145,87.242,100.139,26.966,101.755,-27.989,-10.714,-1.078,-11.576,-12.493,-2.421,29.697
110.66005,31.848,38.177,92.61,4.965,67.712,-33.743,5.367,16.381,-22.396,-11.384,-9.382,13.193
111.20009,30.302,25.733,100.18,-1.055,62.781,-29.185,-1.335,17.179,-8.754,-13.579,-4.817,3.316
111.40907,30.909,40.034,87.862,4.397,32.351,-26.408,0.628,-4.138,-18.787,-0.54,-6.163,10.431
111.61252,30.975,43.363,99.495,19.751,39.636,-33.159,4.58,5.657,-8.276,3.959,4.088,7.532
111.82744,30.656,42.346,101.156,23.547,31.478,-30.839,-3.99,-15.014,-14.439,15.467,-6.337,-4.803
112.35592,29.154,38.082,118.848,16.268,34.596,-31.689,14.835,13.713,1.866,6.025,-5.786,-19.021
112.72717,28.168,49.319,122.455,33.606,34.785,-28.214,7.331,1.586,-1.213,5.25,-4.618,-29.882
113.29569,25.678,48.098,121.632,30.415,33.237,-36.283,5.361,13.532,-0.022,2.934,-2.883,-31.138
113.72571,23.735,53.379,122.889,10.935,25.512,-24.498,-11.967,-0.558,-6.052,2.954,-20.231,-25.534
114.04454,24.052,74.571,136.253,36.114,24.21,-39.136,-6.384,-4.318,0.382,5.977,-4.648,-38.533
114.30018,22.352,59.609,120.059,40.878,32.572,-20.285,6.688,7.651,2.601,-4.556,-17.331,-35.478
114.45637,21.679,71.942,129.851,24.896,31.74,-16.812,1.31,3.799,-2.355,3.426,-8.449,-40.933
114.73592,20.701,54.128,120.017,31.041,35.609,-31.817,11.585,12.146,10.717,-14.719,-3.712,-38.901
115.18304,18.28,67.001,114.562,32.957,20.938,-19.601,3.178,2.475,7.906,-11.247,-12.501,-41.48
115.61791,15.372,71.628,119.164,33.594,25.916,-20.749,25.002,1.56,1.559,2.987,-19.156,-36.943
116.07687,13.36,60.229,97.865,19.545,44.099,-32.457,28.813,15.09,-4.261,8.131,-19.92,-9.58
116.26771,12.028,84.191,93.616,36.745,19.579,-23.946,29.608,18.179,-16.022,9.127,-20.868,-26.041
117.35374,8.709,86.637,63.174,17.571,45.987,-45.48,-6.773,0.114,-29.75,4.999,-8.968,-35.12
117.80649,5.302,93.41,13.83,31.532,75.178,-49.795,-18.486,50.953,-22.518,-7.406,-13.984,-27.985
121.45197,0.004,171.06,9.324,-28.503,57.379,-50.107,14.88,5.405,-27.195,0.933,-10.632,-7.237
122.14902,1.008,150.802,-26.78,-34.064,34.891,-54.891,19.005,16.546,-24.36,-5.381,-5.688,-4.886
